,Cs,FA,MA,Pb,Sn,I,Br,BG,CBM,VBM
0,0.0,0.0,1.0,1.0,0.0,3.0,0.0,1.55,-3.9,-5.45
1,1.0,0.0,0.0,1.0,0.0,3.0,0.0,1.8,-3.6,-5.4
2,1.0,0.0,0.0,1.0,0.0,2.0,1.0,1.91,-3.69,-5.6
3,1.0,0.0,0.0,1.0,0.0,0.0,3.0,2.3,-3.3,-5.6
4,0.0,0.5,0.5,0.5,0.5,3.0,0.0,1.25,-4.15,-5.4
5,0.0,0.0,1.0,1.0,0.0,3.0,0.0,1.61,-4.06,-5.67
6,0.0,0.0,1.0,1.0,0.0,2.0,1.0,1.79,-3.85,-5.64
7,1.0,0.0,0.0,1.0,0.0,2.0,1.0,1.82,-3.76,-5.58
8,1.0,0.0,0.0,1.0,0.0,1.0,2.0,2.08,-3.92,-6.0
9,1.0,0.0,0.0,0.4,0.6,2.4,0.6,1.35,-3.86,-5.21
10,1.0,0.0,0.0,0.4,0.6,3.0,0.0,1.3,-3.66,-4.96
11,1.0,0.0,0.0,0.4,0.6,2.7,0.3,1.33,-3.76,-5.09
12,1.0,0.0,0.0,0.4,0.6,2.0,1.0,1.42,-4.06,-5.48
13,0.0,0.0,1.0,0.0,1.0,2.0,1.0,1.56,-3.96,-5.52
14,0.0,0.0,1.0,0.0,1.0,1.0,2.0,1.75,-3.78,-5.53
15,0.0,0.0,1.0,0.0,1.0,0.0,3.0,2.15,-3.39,-5.54
16,0.0,1.0,0.0,0.0,1.0,3.0,0.0,1.4,-4.5,-5.9
17,0.0,0.0,1.0,0.95,0.05,3.0,0.0,1.5,-3.82,-5.32
18,0.0,0.0,1.0,0.9,0.1,3.0,0.0,1.46,-3.66,-5.12
19,0.0,0.0,1.0,1.0,0.0,3.0,0.0,1.6,-3.85,-5.45
20,0.0,0.0,1.0,0.75,0.25,3.0,0.0,1.38,-3.58,-4.96
21,0.0,0.0,1.0,0.5,0.5,2.4,0.6,1.35,-3.73,-5.08
22,0.0,0.25,0.75,0.0,1.0,3.0,0.0,1.28,-3.53,-4.81
23,0.0,0.5,0.5,0.0,1.0,3.0,0.0,1.3,-3.55,-4.85
24,0.0,0.0,1.0,0.0,1.0,3.0,0.0,1.26,-3.48,-4.74
25,0.0,0.75,0.25,0.0,1.0,3.0,0.0,1.33,-3.55,-4.88
26,0.0,0.9,0.1,1.0,0.0,2.7,0.3,1.6,-4.0,-5.6
27,0.0,0.15,0.85,1.0,0.0,2.55,0.45,1.75,-3.9,-5.65
28,1.0,0.0,0.0,1.0,0.0,0.0,0.0,2.78,-3.26,-6.04
29,1.0,0.0,0.0,1.0,0.0,0.0,3.0,2.39,-3.36,-5.75
30,1.0,0.0,0.0,1.0,0.0,3.0,0.0,1.73,-3.45,-5.18
31,0.0,0.0,1.0,1.0,0.0,3.0,0.0,1.51,-3.88,-5.39
32,0.0,0.0,1.0,0.7,0.3,3.0,0.0,1.31,-3.81,-5.12
33,0.0,0.0,1.0,0.5,0.5,3.0,0.0,1.28,-3.67,-4.95
34,0.0,0.0,1.0,0.3,0.7,3.0,0.0,1.23,-3.69,-4.92
35,0.0,0.0,1.0,0.1,0.9,3.0,0.0,1.18,-3.57,-4.75
36,0.0,0.0,1.0,0.0,1.0,3.0,0.0,1.1,-3.63,-4.73
37,0.0,1.0,0.0,1.0,0.0,3.0,0.0,1.53,-4.23,-5.76
38,0.03,0.97,0.0,1.0,0.0,3.0,0.0,1.53,-4.04,-5.57
39,0.07,0.93,0.0,1.0,0.0,3.0,0.0,1.54,-3.89,-5.43
40,0.17,0.83,0.0,1.0,0.0,3.0,0.0,1.56,-3.77,-5.33
41,0.1,0.9,0.0,1.0,0.0,3.0,0.0,1.55,-3.85,-5.4
42,0.05,0.79,0.16,1.0,0.0,2.52,0.48,1.58,-3.87,-5.45
43,0.17,0.83,0.0,1.0,0.0,2.4,0.6,1.6,-3.8,-5.4
44,0.05,0.79,0.16,1.0,0.0,3.0,0.0,1.53,-3.93,-5.46
45,0.05,0.79,0.16,1.0,0.0,2.55,0.45,1.62,-3.86,-5.48
46,0.05,0.79,0.16,1.0,0.0,2.85,0.15,1.57,-3.9,-5.47
47,0.05,0.79,0.16,1.0,0.0,2.7,0.3,1.59,-3.89,-5.48
48,0.08,0.8004,0.1196,1.0,0.0,2.64,0.36,1.6,-4.1,-5.7
49,0.0,0.85,0.15,1.0,0.0,2.55,0.45,1.73,-3.92,-5.65
50,0.0,0.15,0.85,1.0,0.0,2.85,0.15,1.58,-3.86,-5.44
51,0.05,0.7885,0.1615,1.0,0.0,2.49,0.51,1.7,-3.9,-5.6
52,0.17,0.747,0.083,1.0,0.0,2.61,0.39,1.6,-4.2,-5.8
53,0.05,0.8075,0.1425,1.0,0.0,2.57,0.43,1.6,-3.9,-5.5
54,0.05,0.81,0.14,1.0,0.0,2.55,0.45,1.6,-3.87,-5.47
55,0.0,0.0,1.0,1.0,0.0,3.0,0.0,1.5,-3.9,-5.4
56,0.1,0.9,0.0,1.0,0.0,3.0,0.0,1.48,-3.87,-5.35
57,0.0,0.0,1.0,0.0,1.0,0.0,3.0,2.25,-3.42,-5.67
58,0.0,1.0,0.0,0.0,1.0,3.0,0.0,1.22,-4.12,-5.34
59,0.05,0.8075,0.1425,1.0,0.0,2.57,0.43,1.62,-3.85,-5.47
60,0.0,0.0,1.0,1.0,0.0,2.1,0.9,1.96,-4.29,-6.25
61,1.0,0.0,0.0,1.0,0.0,2.25,0.75,1.87,-3.59,-5.46
62,0.1,0.747,0.153,1.0,0.0,2.5,0.5,1.6,-4.2,-5.8
63,0.05,0.79,0.16,1.0,0.0,2.5,0.5,1.63,-3.91,-5.54
64,0.05,0.8265,0.1235,1.0,0.0,2.6,0.4,1.6,-4.1,-5.7
65,0.0,0.83,0.17,1.1,0.0,2.8,0.5,1.5,-3.9,-5.4
66,0.05,0.81,0.14,1.0,0.0,2.55,0.45,1.6,-4.2,-5.8
67,0.05,0.79,0.16,1.0,0.0,2.5,0.5,1.6,-3.9,-5.5
68,0.0,0.83,0.17,1.0,0.0,2.64,0.36,1.58,-4.04,-5.62
69,0.1,0.75,0.15,1.0,0.0,2.64,0.36,1.59,-4.06,-5.65
70,0.0,0.5,0.5,1.0,0.0,1.5,1.5,1.5,-3.93,-5.43
71,0.0,0.0,1.0,0.5,0.5,3.0,0.0,1.22,-3.82,-5.04
72,0.0,0.0,1.0,0.5,0.5,3.0,0.0,1.3,-3.62,-4.92
73,0.0,0.0,1.0,0.25,0.75,3.0,0.0,1.27,-3.49,-4.76
74,0.1,0.74,0.13,1.0,0.0,2.5,0.5,1.6,-4.1,-5.7
75,0.1,0.9,0.0,1.0,0.0,3.0,0.0,1.55,-3.83,-5.38
76,0.1,0.747,0.153,1.0,0.0,2.5,0.5,1.57,-3.86,-5.43
77,0.0,0.3,0.7,1.0,0.0,3.0,0.0,1.57,-3.83,-5.4
78,0.05,0.7885,0.1615,1.0,0.0,2.5,0.5,1.7,-3.7,-5.4
79,0.05,0.8265,0.1235,1.0,0.0,2.6,0.4,1.63,-4.22,-5.85
80,0.05,0.95,0.0,1.0,0.0,3.0,0.0,1.51,-3.95,-5.46
81,0.0,0.4,0.6,1.0,0.0,3.0,0.0,1.6,-3.6,-5.2
82,0.0,0.2,0.8,1.0,0.0,2.88,0.12,1.6,-3.93,-5.53
83,0.05,0.875,0.075,1.0,0.0,2.775,0.225,1.5,-3.9,-5.4
84,0.05,0.779,0.133,1.0,0.0,2.55,0.45,1.6,-3.9,-5.5
85,0.05,0.8075,0.1425,1.0,0.0,2.55,0.45,1.6,-4.15,-5.75
86,0.0,0.6,0.4,0.4,0.6,3.0,0.0,1.22,-4.0,-5.22
87,0.0,0.3,0.7,1.0,0.0,3.0,0.0,1.5,-3.9,-5.4
88,0.05,0.8,0.15,1.0,0.0,2.75,0.25,1.57,-3.99,-5.56
89,0.0,0.5,0.5,0.5,0.5,3.0,0.0,1.2,-4.0,-5.2
90,0.05,0.7885,0.1615,1.0,0.0,2.7,0.3,1.7,-3.7,-5.4
91,0.05,0.8075,0.1425,1.0,0.0,2.55,0.45,1.7,-3.8,-5.5
92,0.875,0.075,0.05,1.0,0.0,2.775,0.225,1.6,-3.85,-5.45
93,0.0,0.6,0.4,0.4,0.6,2.7,0.3,1.4,-3.94,-5.34
94,0.0,0.95,0.05,1.0,0.0,2.85,0.15,1.5,-4.0,-5.5
95,0.0,0.2,0.8,1.0,0.0,2.9,0.1,1.59,-4.01,-5.6
96,0.0,0.0,1.0,0.0,1.0,3.0,0.0,1.3,-3.7,-5.0
97,0.0,0.0,1.0,1.0,0.0,0.0,3.0,2.31,-3.69,-6.0
98,0.2,0.8,0.0,1.0,0.0,1.8,1.2,1.8,-3.9,-5.7
99,0.18,0.8,0.02,1.0,0.0,1.8,1.2,1.77,-3.81,-5.58
100,0.0,0.0,1.0,1.0,0.0,0.0,3.0,2.31,-3.42,-5.73
101,1.0,0.0,0.0,0.55,0.45,2.0,1.0,1.5,-4.07,-5.57
102,1.0,0.0,0.0,1.0,0.0,2.0,1.0,1.91,-3.88,-5.79
103,1.0,0.0,0.0,0.75,0.25,3.0,0.0,1.43,-3.91,-5.34
104,1.0,0.0,0.0,0.5,0.5,3.0,0.0,1.34,-3.63,-4.97
105,1.0,0.0,0.0,0.25,0.75,3.0,0.0,1.28,-3.63,-4.91
106,0.0,1.0,0.0,0.0,1.0,3.0,0.0,1.41,-4.55,-5.96
107,1.0,0.0,0.0,1.0,0.0,2.0,1.0,1.92,-4.16,-6.08
108,1.0,0.0,0.0,0.7,0.3,3.0,0.0,1.34,-4.1,-5.44
109,0.2,0.8,0.0,1.0,0.0,2.0,1.0,1.73,-3.82,-5.55
